latitude,longitude,country
34.7725,113.7266,124
-1.9998,-77.4966,165
35.8428,129.2117,125
48.8637,2.2769,175
38.0812,13.2895,176
31.0449,121.4012,124
51.2993,9.491,177
30.6667,104.0667,124
34.5997,119.1594,124
43.6547,-79.3623,210
37.5985,126.9783,125
14.5501,121.036,126
22.6148,120.3139,127
13.0878,80.2785,128
38.6438,-77.3451,211
9.0,-80.0,212
35.685,139.7514,129
36.0986,120.3719,124
50.925,19.9156,178
37.751,-97.822,211
45.4995,-73.5848,210
1.314,103.6839,130
48.8582,2.3387,175
-23.627,-46.635,166
40.8364,-74.1403,211
50.4522,30.5287,179
29.5569,106.5531,124
10.515999999999998,76.2157,128
32.6333,-16.9,180
56.0,24.0,181
1.2929,103.8547,130
43.2284,-79.9071,210
36.6092,127.2919,125
28.6327,77.2198,128
52.3006,4.9479,182
-29.0,24.0,221
4.4389,-75.2322,167
53.7032,-1.7843,183
50.1188,8.6843,177
51.9934,4.2158,182
41.1561,1.1069,184
-33.4513,-70.6653,168
51.5177,-0.6215,183
3.4372,-76.5225,167
12.9719,77.5937,128
7.0202,100.4718,131
-6.175,106.8286,132
13.7442,100.4608,131
-4.6160000000000005,55.4461,222
-27.1134,-48.9039,166
-6.2352,106.9922,132
41.8483,-87.6517,211
32.926,-96.9666,211
7.5611,99.5417,131
51.4964,-0.1224,183
37.4951,127.0628,125
-37.8061,145.0015,250
52.3759,4.8975,182
32.0617,118.7778,124
1.3667,103.8,130
31.8642,117.2865,124
55.0411,82.9344,185
34.0485,-118.2529,211
21.0966,105.96799999999999,133
22.2795,114.146,134
45.9968,24.997,186
34.2598,108.9294,124
42.8803,47.6383,185
-24.6437,25.9112,223
48.85,2.5,175
45.3161,-73.8736,210
40.4167,-3.6838,184
21.1463,79.0849,128
14.5611,-90.7344,213
40.793,-74.0247,211
33.4413,-112.0421,211
-34.7153,-58.4078,169
37.5112,126.9741,125
53.36,83.76,185
51.4805,-0.0113,183
51.6906,5.2755,182
52.2394,21.0362,178
33.4532,-112.0748,211
37.3387,-121.8914,211
52.3812,4.6361,182
59.3247,18.055999999999997,187
47.394,8.445,188
36.1685,-115.1164,211
10.8142,106.6438,133
49.982,36.2566,179
40.4165,-3.7026,184
23.1167,113.25,124
29.3099,30.8418,224
45.7077,-73.6147,210
19.4414,-98.9336,214
1.2868,103.8504,130
22.5333,114.1333,124
21.3528,74.8823,128
23.0308,113.7174,124
-1.95,-79.7333,165
52.352,4.9392,182
13.0,-2.0,225
50.6337,5.5675,189
-7.0523,112.995,132
55.7522,37.6156,185
39.9288,116.3889,124
-20.1082,-40.3019,166
30.5856,114.2665,124
25.0478,121.5318,127
-19.8195,-40.191,166
-22.2635,-49.1364,166
45.3253,14.4409,190
43.1479,12.1097,176
45.4675,16.3868,190
30.322,78.03,128
16.0,106.0,133
40.7308,-73.9975,211
22.2833,114.1833,134
32.9321,-97.2834,211
30.294,120.1619,124
-21.1784,-43.023,166
-34.6033,-58.3816,169
-21.1458,-42.6008,166
37.5469,127.0841,125
48.8,132.95,185
10.9685,-74.7813,167
-23.4497,-49.7014,166
23.0833,114.4,124
42.696000000000005,23.331999999999997,191
52.3824,4.8995,182
37.3417,-121.9753,211
36.7631,3.0506,226
-23.5475,-46.6361,166
38.9122,121.6022,124
17.384,78.4564,128
20.6279,73.0954,128
-14.8637,-40.8409,166
56.3287,44.001999999999995,185
35.0,38.0,135
43.4631,11.8783,176
41.7806,123.4312,124
19.4321,-99.0949,214
45.0355,38.975,185
18.4833,-69.8667,215
38.6583,-77.2481,211
26.0614,119.3061,124
34.0123,-6.8484,227
-28.7429,-53.1178,166
37.6016,15.1446,176
37.7886,14.8338,176
5.9558,116.0368,136
42.028999999999996,13.4264,176
41.9032,-87.6383,211
34.0,9.0,228
22.4333,114.0333,134
22.4,113.9833,134
35.1003,129.0442,125
39.1638,-84.4517,211
37.626,126.7152,125
47.9097,33.3804,179
34.8736,128.3971,125
22.3167,114.1833,134
-24.7833,-65.4167,169
34.9165,33.6272,192
59.3333,18.05,187
35.8723,128.5924,125
39.018,-77.539,211
-22.4498,-46.9897,166
-37.8296,145.1063,250
49.8094,30.1121,179
22.3333,114.25,134
10.3498,107.06700000000001,133
-40.3167,-72.9667,168
-26.9981,-48.6187,166
43.7687,-79.4109,210
35.5335,129.3173,125
51.9434,7.1724,177
-27.4732,153.0215,250
24.0,54.0,137
38.4681,106.2731,124
47.2361,39.7189,185
42.4125,-71.0034,211
37.4562,126.7288,125
40.6715,-74.2081,211
8.9948,-79.523,212
56.8777,14.8091,187
37.8897,127.736,125
22.3167,114.2167,134
58.3013,14.2878,187
51.7847,55.0986,185
55.7386,37.6068,185
37.5177,126.8479,125
49.5167,4.3667,175
41.871,-87.6289,211
22.3667,114.1,134
51.0857,-114.0234,210
34.8659,128.6263,125
37.4183,126.7184,125
37.6564,126.835,125
35.8219,127.1489,125
37.41,127.2572,125
52.6958,6.1956,182
6.2529,-75.5646,167
-22.8305,-43.2192,166
51.7377,19.4749,178
28.55,115.9333,124
31.9014,35.1999,138
38.1321,13.3356,176
25.04,121.4733,127
-23.0716,-45.4974,166
-19.8993,-43.957,166
41.8447,60.3919,139
-34.8576,-56.1702,170
52.5241,5.7319,182
17.0103,103.1141,131
19.4371,-99.0111,214
52.1828,20.9846,178
53.3331,-6.2489,193
45.7601,13.0005,176
42.0096,-4.5241,184
27.4865,-99.5462,214
40.9451,-74.2531,211
34.0584,-118.27799999999999,211
43.6319,-79.3716,210
22.2968,114.1811,134
19.0748,72.8856,128
38.7095,-78.1539,211
35.698,51.4115,140
-26.2659,-48.9987,166
-6.1741,106.8296,132
24.8976,90.5932,141
47.11,39.41,185
57.0006,40.972,185
23.0287,113.1341,124
-19.5811,-42.6495,166
-25.9235,-50.4807,166
-28.721,-49.3872,166
46.2168,5.5596,175
45.0705,7.6868,176
-1.2314,-78.5834,165
29.745,-95.7326,211
28.98,77.7064,128
37.7353,-122.3732,211
39.1423,117.1726,124
39.9906,116.2887,124
55.5086,11.3007,194
36.6534,-78.375,211
47.7946,-122.2193,211
37.4945,126.8502,125
19.436,-99.1446,214
-6.9217,107.6071,132
44.1391,12.2431,176
29.4221,-98.4926,211
34.0544,-118.244,211
-27.2302,-52.0048,166
33.8916,-5.5396,227
-27.6145,-48.5012,166
59.433,24.7323,195
50.4333,30.5167,179
48.8607,2.3281,175
-34.75,-62.9667,169
14.7603,120.9492,126
34.6836,112.4536,124
39.1177,117.2056,124
50.6974,3.178,175
51.5164,-0.09300000000000001,183
8.0,38.0,229
21.0313,105.8516,133
2.4382,-76.6132,167
48.8579,2.3491,175
48.7954,2.4947,175
42.3649,-71.0987,211
55.7123,12.0564,194
49.4958,5.9806,196
-22.9035,-47.0565,166
-33.5933,-71.6217,168
-6.1770000000000005,106.6284,132
40.4586,-3.4719,184
40.0,45.0,142
49.405,11.1617,177
22.2793,113.5683,124
-11.8667,-77.0833,171
-36.6006,-72.1174,168
10.9184,-74.7646,167
35.2719,128.8402,125
51.047,3.7206,189
19.8968,99.8309,131
41.3171,69.2494,139
25.2633,55.3087,137
57.1626,-2.1518,183
35.69,139.69,129
8.0,-66.0,172
41.2619,-95.8608,211
48.7994,2.3367,175
56.9667,21.9833,197
41.0,75.0,143
45.3819,11.0447,176
-19.9644,-44.1969,166
-33.439,-70.6432,168
45.5063,-73.5794,210
59.8944,30.2642,185
37.4386,127.1378,125
38.4015,-122.8485,211
46.0679,11.1211,176
51.7,94.45,185
45.6297,2.4642,175
-1.2841,36.8155,230
41.1121,16.6964,176
23.7701,90.3628,141
-12.2667,-38.9667,166
45.5356,10.2147,176
44.4333,26.1,186
52.2488,21.0024,178
-25.5039,-49.2908,166
54.4645,18.4943,178
49.3164,-123.0572,210
43.629,6.2255,175
35.2753,128.6515,125
3.5394,-76.3036,167
36.4234,-6.1517,184
13.7594,100.4889,131
38.8511,115.4903,124
21.2749,106.1933,133
41.3888,2.1590000000000003,184
-33.8591,151.2002,250
44.5715,129.3854,124
4.5981,-74.0799,167
51.5406,46.0086,185
57.7833,16.1833,187
37.3824,-5.9761,184
32.1679,34.834,144
57.9,25.3167,197
37.825,-87.5655,211
25.0833,-77.35,216
34.6874,33.0366,192
24.1469,120.6839,127
53.4186,59.0472,185
37.8916,-4.7727,184
-2.1664,-79.9011,165
10.2494,-67.5945,172
-6.3542,105.9965,132
-27.4833,-55.8333,169
51.5,-0.1457,183
38.1385,-92.6654,211
48.7808,-123.7037,210
-34.6,-58.6333,169
41.0,64.0,139
25.7202,-100.2135,214
-37.7907,145.0839,250
11.2725,77.5857,128
-32.8833,-68.8167,169
-7.3263,108.221,132
4.3144,-72.0777,167
3.1649,101.723,136
-34.6,-58.45,169
10.6833,106.7667,133
51.5081,-0.0887,183
21.2092,81.4285,128
56.8575,60.6125,185
-12.8665,-38.4858,166
14.1,108.8,133
29.5542,-95.7325,211
36.6621,117.0104,124
31.25,121.4892,124
25.3924,68.3737,145
48.9065,2.2483,175
45.6486,25.6061,186
24.6537,46.7152,146
42.8864,-78.8784,211
23.7272,90.4093,141
-17.0,-65.0,173
47.5136,42.1514,185
55.7679,49.1631,185
11.6538,78.1554,128
-10.0699,-68.1553,166
3.1071,101.6139,136
19.2014,72.968,128
-0.2143,-78.5017,165
53.9,27.5667,198
47.4984,19.0404,199
13.8177,100.7465,131
48.7967,2.3338,175
9.0833,7.5333,231
45.125,14.5235,190
50.0971,8.5952,177
35.6854,-88.8281,211
30.9161,121.4494,124
20.0063,77.006,128
38.5482,-90.3298,211
37.3325,114.7014,124
35.1638,33.3639,192
37.0108,127.2703,125
22.3167,114.1667,134
42.6833,23.3167,191
51.4473,7.4713,177
37.4989,126.7831,125
57.7072,11.9668,187
37.5527,127.1455,125
24.0,121.0,127
43.2159,23.5579,191
22.2,113.55,147
37.8944,127.1992,125
37.5894,126.7692,125
2.8526,101.632,136
22.3,114.1667,134
22.9908,120.2133,127
49.7867,6.0961,196
59.9452,10.7559,200
48.8175,2.3167,175
59.8457,10.7823,200
31.3041,120.5954,124
34.0368,-5.0008,227
48.4735,35.046,179
54.2139,49.6184,185
46.2389,14.3556,201
22.4,114.2333,134
57.8,13.0,187
43.3183,13.6775,176
37.3514,127.9453,125
57.721000000000004,12.9401,187
37.4902,126.7151,125
36.3333,128.75,125
23.5,121.0,127
36.7817,126.4522,125
-22.8051,-43.3686,166
46.5199,-80.9385,210
37.3236,126.8219,125
23.4879,-106.6216,214
-29.8556,31.0449,221
55.9344,13.5385,187
38.8616,-77.2663,211
43.8137,-79.4531,210
14.6328,-90.5199,213
37.5819,127.0541,125
22.3871,114.2163,134
36.0292,129.3648,125
27.1177,114.958,124
35.1496,126.9156,125
24.9633,121.2403,127
59.5764,30.1283,185
34.0068,-118.256,211
8.9002,-64.1557,172
40.4172,-3.6839999999999997,184
57.6467,11.9294,187
46.5168,-84.3333,210
10.0726,-69.3207,172
38.9161,-6.3437,184
-34.6022,-58.3845,169
31.1511,121.1115,124
51.7327,8.6885,177
3.095,101.6232,136
36.3214,127.4197,125
36.8065,127.1522,125
37.6405,127.2171,125
48.2,16.3667,202
55.0794,38.7783,185
43.4528,-110.7393,211
13.7833,100.5167,131
51.8953,4.1629,182
28.6519,77.2315,128
22.25,114.1667,134
28.1783,113.1117,124
16.0685,108.2215,133
-31.4,-64.1833,169
41.6868,-81.3399,211
-8.1457,-34.9738,166
48.4808,135.0928,185
48.6524,8.1365,177
56.0097,37.4819,185
-36.7174,-73.1068,168
-21.9065,-47.8747,166
15.6454,100.2218,131
-6.7065,-35.150999999999996,166
-6.6107,110.6722,132
-23.0959,-45.7179,166
10.4631,-73.2532,167
-19.073,-42.5445,166
51.1811,71.4278,148
31.6863,118.5077,124
39.0481,-77.4728,211
30.3927,-91.0014,211
33.0286,-96.8736,211
-7.2484,112.7419,132
-31.77,-52.341,166
-23.412,-46.4435,166
39.0728,114.8731,124
48.1084,11.6102,177
-1.2551,116.8428,132
53.2157,6.5765,182
48.7168,44.5035,185
34.6836,113.5325,124
-6.9986,-35.9078,166
41.1667,29.05,149
33.1613,115.6241,124
19.0439,-98.1984,214
39.9508,-82.9329,211
34.043,-117.7556,211
1.3902,-77.1598,167
45.5999,-121.1871,211
-23.3128,-51.1596,166
-19.8872,-44.0759,166
15.2233,120.5792,126
51.4032,-0.9207,183
39.786,-86.1589,211
33.0809,-96.7241,211
13.751,100.4873,131
33.5119,-101.9316,211
17.1088,103.0149,131
45.6591,11.415999999999999,176
20.676,-103.3358,214
38.7167,-9.1333,180
51.6552,-0.3879,183
51.4828,-0.1371,183
50.8294,-0.4836,183
27.5448,112.3706,124
22.8057,86.1804,128
-10.9823,-37.1033,166
-6.9932,110.4215,132
29.8782,121.5495,124
19.797,105.7674,133
30.6329,120.5608,124
48.8138,2.3873,175
1.3248,103.8566,130
-10.1708,123.6069,132
-8.5842,116.1187,132
-23.6704,-46.9472,166
48.5855,7.7418,175
-31.6542,-68.2853,169
51.2002,6.7564,177
4.6493,-74.0617,167
-6.1803,106.4514,132
31.2351,121.5276,124
36.541,136.6439,129
-6.2876,106.72200000000001,132
-33.3667,-70.5167,168
-51.6226,-69.2181,169
34.2619,-6.5821,227
-7.9826,112.6308,132
60.0531,10.8827,200
28.0167,-82.1359,211
52.3907,4.8637,182
17.4833,106.6,133
36.71,119.1019,124
20.8133,105.3383,133
28.4112,77.3132,128
8.4855,76.9492,128
39.9636,-104.9072,211
27.2278,106.3078,124
9.9983,-84.1171,217
5.329,100.292,136
3.0081,101.7719,136
14.35,108.0,133
16.271,-61.5045,218
17.6801,83.2016,128
47.3667,8.55,188
51.6008,-3.4253,183
-26.1,-65.1,169
39.4033,-9.1384,180
43.7085,10.4036,176
23.7518,90.4254,141
22.7165,75.8307,128
32.9665,-117.249,211
22.5626,88.363,128
39.6814,-104.8837,211
18.3808,-65.9574,219
52.4054,30.7591,198
24.7307,-107.3232,214
-33.5172,-70.7694,168
18.755,79.47399999999999,128
55.3333,86.0833,185
45.4643,9.1895,176
36.6372,127.4897,125
-12.0464,-77.0428,171
56.0333,12.8167,187
8.0,-5.0,232
51.8413,6.6242,177
58.026,7.4491,200
33.5922,-7.6184,227
21.1858,106.0746,133
59.3287,18.0717,187
47.9856,-122.2002,211
12.25,109.1833,133
24.4662,39.6168,146
43.6828,5.1747,175
2.7486,101.9435,136
9.9833,-84.1833,217
-29.906999999999996,-71.2562,168
20.6955,-103.4553,214
-26.2309,28.0583,221
-17.5087,-49.5994,166
31.848000000000003,-81.602,211
34.6848,135.4935,129
28.58,77.33,128
30.0778,31.2852,224
56.1616,15.5866,187
37.4687,126.9458,125
51.2265,6.7686,177
5.848,117.9591,136
50.9216,34.8003,179
41.8919,12.5113,176
4.7059,-74.2302,167
-8.0117,-34.9529,166
-33.0249,27.9082,221
31.0359,121.2146,124
28.4604,119.9103,124
54.9,23.9,181
-22.4751,-48.547,166
-26.8661,-53.2102,166
37.3931,-121.962,211
32.0,35.25,138
32.9661,-117.1202,211
41.1122,16.8547,176
39.9653,-83.0235,211
-23.1025,-47.1822,166
-8.2773,-35.0909,166
39.0667,-0.2667,184
-7.9974,-34.8731,166
54.4978,18.531,178
-15.7792,-47.9341,166
-25.5125,-54.6187,174
45.1041,39.0281,185
61.25,73.4167,185
50.1049,8.6295,177
40.0623,-86.0585,211
-8.6507,115.2124,132
14.6736,121.0229,126
-7.2024,107.8878,132
57.6554,12.0138,187
-34.5833,-58.4,169
32.0,-5.0,227
-33.9258,18.4232,221
39.5097,116.6947,124
35.7055,115.0165,124
46.0503,14.5046,201
-6.9181,106.9267,132
59.656000000000006,10.7879,200
-37.685,145.0139,250
-33.4667,-70.6,168
-25.3833,-57.6333,174
39.5012,-0.4313,184
38.3863,-78.9902,211
24.6742,121.1611,127
-5.1381,-37.2785,166
8.0,-2.0,233
-33.9,18.6333,221
51.5042,-0.2199,183
29.0884,-111.0461,214
-14.5829,-40.2762,166
35.7439,139.6461,129
46.3078,44.2558,185
39.037,-77.0412,211
32.8608,-79.9746,211
-20.0547,57.5453,234
14.4996,121.0507,126
-26.8236,-49.2864,166
44.4048,8.9444,176
-8.7619,-63.9039,166
41.7756,-71.3568,211
25.7087,-100.37799999999999,214
47.1449,8.1551,188
45.7818,4.9209,175
40.5,47.5,150
25.2925,51.5321,151
6.4181,-72.6888,167
52.4777,10.5511,177
24.5133,117.6556,124
6.848,79.9265,152
49.0634,1.4214,175
18.5196,73.8554,128
-38.0,-57.55,169
43.2627,-2.9253,184
-22.9201,-43.3307,166
-6.1443,106.7954,132
18.5333,-68.3667,215
44.4938,11.3387,176
46.8478,40.3067,185
36.0441,113.0423,124
10.2033,-71.31,172
43.3713,-8.396,184
43.0714,-71.7038,211
-6.9177,110.1999,132
-28.4422,-52.2741,166
23.726,90.4251,141
35.6468,139.6546,129
25.5,51.25,151
-36.9199,174.7969,251
19.3558,-99.0727,214
48.8384,2.2446,175
41.6015,-93.6127,211
50.2333,15.8,203
48.7078,2.4496,175
46.3862,16.4308,190
-17.8002,-63.1656,173
42.4667,-2.45,184
56.1591,13.7664,187
34.0349,-117.6185,211
45.4499,-73.8104,210
1.0,38.0,230
31.9522,34.8943,144
37.5333,126.95,125
27.3375,111.8964,124
42.4714,-90.1201,211
37.8021,-122.43299999999999,211
65.5842,22.1546,187
45.4807,9.0004,176
45.1667,15.5,190
40.2719,29.0983,149
37.7562,126.7865,125
20.5911,-103.3487,214
37.5153,126.8872,125
31.5019,34.4666,138
-8.05,-34.9,166
20.65,106.0667,133
52.218,5.1979,182
-8.5422,115.1352,132
49.0745,-121.9826,210
23.7018,90.3742,141
16.8358,100.2518,131
60.6167,16.7667,187
65.0121,25.4722,204
32.405,-116.7997,214
41.6959,44.832,153
-37.3984,-68.9287,169
-19.5483,-47.9414,166
20.253,105.9749,133
32.0303,120.8747,124
39.7628,-105.0263,211
41.0177,28.9744,149
54.5732,18.3947,178
44.6369,8.1697,176
-3.1019,-60.025,166
30.68,76.7221,128
-29.723000000000003,-51.0567,166
37.2336,127.20100000000001,125
32.4833,74.45,145
41.7816,-71.3897,211
50.4878,8.2618,177
-8.0657,111.9025,132
56.6388,47.8908,185
30.0,70.0,145
14.6097,-90.6569,213
20.5614,85.9918,128
-21.743000000000002,-49.5706,166
32.7787,-96.8217,211
52.5922,4.649,182
14.0,-14.0,235
31.3511,-109.5447,211
13.0,105.0,154
45.8331,40.1456,185
47.9173,106.9177,155
0.3162,32.5657,236
42.9549,12.7027,176
53.2359,10.2448,177
6.8651,79.8709,152
46.3096,6.0393,175
41.9403,25.5694,191
-29.2941,-49.827,166
21.0,57.0,156
49.3551,-122.9802,210
29.7223,-95.6285,211
33.4656,-111.9956,211
26.9261,75.7928,128
-34.9826,-71.2344,168
6.9984,80.9962,152
32.5843,-88.1872,211
32.3151,-86.2449,211
42.5198,-2.3702,184
27.7142,85.3145,157
45.2525,25.6351,186
34.8904,135.8032,129
-23.6955,-46.6116,166
-15.0,30.0,237
46.016999999999996,18.1889,199
14.2637,121.0526,126
24.9889,121.3176,127
43.1053,-79.1411,210
3.1549,101.7412,136
19.42,-99.1663,214
34.8647,117.5542,124
5.5502,-0.2174,233
33.5173,-117.1208,211
48.1393,-0.9006,175
21.3549,-101.92200000000001,214
18.19,99.3928,131
35.0597,-79.0058,211
2.9273,-75.2819,167
19.4727,-99.1352,214
19.3156,-98.8845,214
32.1858,35.0658,138
5.3811,100.3854,136
45.75,126.65,124
27.1219,80.1401,128
47.4919,19.05,199
32.9457,-97.1547,211
22.8137,108.3146,124
43.6077,-83.9498,211
48.9216,2.1926,175
14.9822,100.0154,131
31.4888,74.3686,145
41.8777,-87.6376,211
32.3972,119.4358,124
51.7398,5.466,182
50.7262,-120.1659,210
43.4647,-3.8044,184
24.074,120.5384,127
28.99,-111.3218,214
25.7563,-100.32600000000001,214
-4.7003,-50.5222,166
18.8268,-98.9365,214
41.7322,0.4372,184
52.7119,16.3778,178
-21.3393,55.4781,238
33.4306,-111.9256,211
41.8797,-87.6435,211
-25.2869,-57.6511,174
50.1103,8.7147,177
-20.8762,-48.3148,166
25.4756,117.7124,124
1.2,104.0,132
-16.6402,-49.2599,166
-20.3473,-41.9334,166
19.6721,-98.81700000000001,214
35.727,51.3336,140
21.6216,-104.8404,214
22.1682,107.0073,124
-31.2639,-53.9713,166
43.88,125.3228,124
52.8619,-8.1967,193
14.667,-17.4445,235
21.5168,39.2192,146
18.7903,98.9817,131
30.2133,-97.8533,211
37.3388,-121.8914,211
9.5869,76.5213,128
14.633,100.0374,131
36.7277,3.0827,226
50.8274,4.348,189
15.142000000000001,76.92399999999999,128
5.3082,-73.7089,167
49.8319,14.6853,203
18.5811,99.0092,131
3.5847,98.6629,132
-23.5312,-46.7901,166
54.5857,-1.3176,183
50.0765,14.5104,203
-5.1741,-38.0266,166
-29.7425,-51.1362,166
61.1663,-149.9575,211
53.1191,-0.7679,183
49.6768,12.1561,177
-22.5517,-47.1273,166
40.7876,-74.06,211
46.4725,19.9797,199
47.9972,19.1291,199
39.9107,32.8554,149
56.5,84.9667,185
-22.8896,-43.1054,166
38.9172,-77.0709,211
21.1959,72.8302,128
5.2967,103.0847,136
-7.9227,-34.9156,166
-23.695,-46.5616,166
27.8,85.2167,157
23.2547,77.4029,128
41.0214,28.9948,149
36.2101,128.3544,125
37.4979,126.8592,125
48.7687,2.2684,175
51.0207,-114.1011,210
58.0699,7.3961,200
37.3698,-121.816,211
34.1416,-80.8886,211
-27.2741,-50.6096,166
48.6346,6.3019,175
-41.4709,-72.9436,168
34.0347,-6.8175,227
60.1719,24.9347,204
23.9698,120.5323,127
17.3841,78.4564,128
35.798,140.1803,129
-15.3453,-47.1907,166
40.5511,-74.4606,211
-26.9283,-48.9595,166
68.9717,33.0819,185
27.9482,-82.5036,211
-21.2225,-47.8238,166
3.5843,-76.5048,167
25.6747,-100.26,214
30.0106,-95.4498,211
48.9537,2.4173,175
30.0136,120.5736,124
44.8166,20.4721,205
41.7405,-87.6587,211
51.6664,39.17,185
20.8567,106.6826,133
37.3631,126.9912,125
35.0,33.0,192
-17.8875,31.2444,239
37.9834,-122.0312,211
13.89,100.4333,131
33.7256,-117.9119,211
39.8996,-86.1692,211
-33.8867,151.2513,250
41.1236,122.99,124
43.6644,-79.4195,210
45.8491,-119.7143,211
-21.5341,-42.6481,166
32.0142,120.2625,124
42.3367,-7.8641,184
-16.8399,-49.2484,166
21.2333,81.6333,128
9.5,2.25,240
-22.7173,-42.0422,166
42.4182,-90.4195,211
-16.3122,-39.6702,166
1.5495,103.708,136
30.1838,113.3794,124
62.3833,17.3,187
8.7674,78.1342,128
58.5167,31.2833,185
11.0055,76.9661,128
41.1437,-104.8117,211
51.521,-3.2037,183
47.6032,-122.3412,211
33.0287,-117.0846,211
-7.5533,110.831,132
-30.0398,-50.2302,166
-34.054,151.15,250
51.3249,-0.5681,183
49.6117,6.13,196
34.6851,135.5136,129
54.9684,-1.4002,183
-39.6485,-72.2139,168
28.6225,-81.4317,211
-37.8159,144.9669,250
47.0,8.0,206
46.7949,-71.247,210
41.1167,122.05,124
-12.4642,-39.2681,166
-12.0439,-77.0281,171
10.823,106.6296,133
48.8954,2.2574,175
-5.3867,-47.5382,166
37.2859,127.0099,125
17.3064,99.8298,131
13.7618,100.5324,131
0.5667,34.5667,230
19.4055,-99.1898,214
8.4822,124.6472,126
43.4989,11.7178,176
50.7018,-3.5347,183
24.4798,118.0819,124
-0.4917,117.1458,132
6.4474,3.3903,231
47.5333,21.6333,199
43.5997,39.7293,185
45.3403,17.6853,190
-19.6009,-42.3233,166
-26.8742,-49.1023,166
39.1397,-86.5141,211
43.6598,11.1849,176
36.2341,117.727,124
36.6353,127.4678,125
47.4293,18.9136,199
51.3531,-1.6413,183
42.9896,-88.0876,211
51.93,4.4264,182
25.7741,-80.1817,211
48.4583,-123.3325,210
45.748000000000005,4.85,175
35.756,139.7036,129
40.6321,17.9361,176
27.9983,120.6666,124
48.928000000000004,2.3963,175
40.8106,111.6522,124
-21.1336,55.4719,238
6.0,12.0,241
-24.8304,-49.8554,166
47.482,8.3023,188
-16.5002,-68.1493,173
44.4006,-79.6676,210
59.4032,17.9448,187
26.4239,111.6131,124
32.0875,121.4008,124
-42.4636,-73.8083,168
-11.6667,-48.8422,166
-27.4938,-48.6527,166
-21.1148,-42.9729,166
31.9522,35.939,158
31.250999999999998,121.3897,124
-2.6495,-44.3044,166
36.7836,127.0042,125
37.3907,126.7888,125
3.7745,103.2176,136
50.2649,28.6767,179
-25.8775,-53.6286,166
52.4704,13.327,177
19.9973,73.791,128
-23.7041,-46.3999,166
41.9555,-87.6613,211
16.2931,102.6157,131
16.0162,108.2533,133
48.8166,2.4095,175
19.1718,-98.3967,214
53.4609,-113.3714,210
-20.0,47.0,242
6.1838,-75.5976,167
31.5707,120.2875,124
-33.494,143.2104,250
33.8333,35.8333,159
26.8393,80.9231,128
33.6957,73.0113,145
14.1667,100.5167,131
-31.3667,-64.2167,169
51.8659,-2.2059,183
33.3555,-86.8274,211
-25.9707,32.601,243
44.3136,-78.24,210
1.0128,100.5037,132
52.5372,13.6135,177
35.5819,139.7663,129
-28.8513,-49.4617,166
3.1466,101.6673,136
14.6265,121.0314,126
40.3057,-3.7329,184
43.9092,12.9164,176
45.8293,15.9793,190
54.7852,56.0456,185
19.2928,-99.1612,214
53.5233,49.4125,185
47.0561,37.3156,179
31.5191,120.0392,124
-28.6789,-62.8835,169
12.2979,76.6393,128
51.222,6.9078,177
-22.1437,-54.8047,166
50.9157,-113.89200000000001,210
28.4597,77.0282,128
-20.9104,-56.3386,166
6.9317,79.8482,152
37.9653,-87.3902,211
41.1496,-8.611,180
-20.8351,-47.5674,166
19.4417,-99.1664,214
-15.6179,-47.6487,166
51.2705,6.8144,177
-2.0,30.0,244
3.0806,101.6507,136
41.5959,13.4916,176
20.9902,105.6409,133
37.6604,127.0672,125
48.6348,24.5694,179
47.0883,17.9111,199
42.3167,-82.9977,210
33.058,-80.0101,211
24.9056,67.0822,145
48.9527,10.6046,177
41.7689,-71.4758,211
31.5388,119.9671,124
52.9648,-1.2132,183
51.4317,-0.4576,183
39.0801,-8.217,180
41.6801,2.4821,184
57.7584,16.6373,187
33.3902,-84.4748,211
58.2,68.2667,185
10.3668,-66.931,172
10.162,-66.8915,172
37.9842,23.7353,207
10.5048,-66.9208,172
57.8499,56.2634,185
1.3257,103.9109,130
16.0333,99.8667,131
52.2978,104.2964,185
46.0,105.0,155
41.5205,-80.0573,211
17.4,106.65,133
40.1435,-75.3779,211
3.0384,101.7105,136
31.2162,29.9529,224
43.6667,6.9167,175
5.3072,-4.0124,232
47.2331,9.6,202
32.1213,114.064,124
25.9562,-80.1828,211
45.5245,5.2528,175
59.1333,37.9,185
2.5,112.5,136
38.691,-9.3108,180
16.7827,96.1771,160
-15.4192,-55.8902,166
30.3361,-97.9842,211
14.0667,109.0333,133
-6.8227,39.291,245
56.175,47.2864,185
43.303999999999995,-0.3744,175
40.6755,14.7933,176
50.8336,4.3337,189
46.3215,-120.0156,211
43.36,132.19,185
19.4167,-71.1667,215
41.9908,122.8253,124
4.3071,-76.3761,167
-33.9167,18.4167,221
33.9075,-117.7866,211
17.9962,-76.8019,220
-29.9533,-71.3349,168
28.7827,-106.1538,214
6.6395,100.4273,131
13.0833,109.3,133
5.5417,95.3333,132
18.6656,105.6652,133
-7.5142,109.2942,132
36.7323,-76.0363,211
37.1882,-3.6067,184
41.8059,-89.7106,211
43.2638,76.9293,148
45.604,10.5247,176
14.4825,120.9169,126
31.0167,73.85,145
20.6805,-103.4491,214
3.0763,101.5168,136
15.85,108.3833,133
33.2486,126.5628,125
-7.55,112.2333,132
-1.4558,-48.5044,166
18.9183,-99.1908,214
3.8782,-77.0425,167
50.0848,14.4112,203
59.3793,13.5036,187
56.0097,92.7917,185
-8.0,159.0,252
-36.8506,174.7679,251
20.5291,-97.4497,214
-22.9855,-47.4852,166
10.0359,105.7808,133
37.461,126.8996,125
53.5123,-2.3143,183
14.5763,121.0227,126
14.5504,121.0602,126
-7.8035,110.3646,132
26.8914,-111.9826,214
10.7948,106.6763,133
11.9327,79.8339,128
40.9699,14.1838,176
19.297,-99.6664,214
23.746,90.382,141
40.6373,122.5025,124
30.361,76.7978,128
3.1427,101.6951,136
36.7202,-4.4203,184
20.9013,74.7774,128
35.8875,139.5496,129
13.9833,108.0,133
45.2066,8.8751,176
42.3434,13.9493,176
9.8933,76.717,128
43.2876,5.3792,175
33.187,-97.781,211
42.1905,-89.5939,211
55.0356,82.7556,185
51.2485,22.5606,178
41.9973,21.4325,208
1.2768,103.8448,130
40.1455,117.1095,124
39.9775,-74.0704,211
59.85,17.6333,187
-29.1721,-51.1784,166
18.3353,105.9018,133
31.9145,117.0379,124
42.4422,-87.8396,211
36.7844,119.9464,124
34.2319,-84.1627,211
37.5611,126.822,125
-26.0211,28.0092,221
37.3424,126.9222,125
33.7586,105.9174,124
18.0,105.0,161
-17.815,31.0478,239
44.9241,-123.3248,211
38.8715,-94.7713,211
38.2403,-122.6777,211
29.4411,-98.4936,211
17.135,102.97200000000001,131
37.9667,23.7167,207
56.2053,95.7204,185
32.5777,74.0838,145
30.8138,75.1688,128
11.2702,76.2289,128
49.2288,28.471999999999998,179
25.8769,118.896,124
32.416,118.5783,124
-25.756999999999998,28.1443,221
47.6144,-122.3447,211
-30.7807,-55.4816,166
14.8025,100.6181,131
11.9362,108.4172,133
9.9092,-67.3439,172
41.003,28.9834,149
33.0326,-96.7859,211
20.6347,-103.4344,214
42.2328,-8.7226,184
35.7832,-86.7495,211
37.9446,-1.3739,184
55.7028,13.1927,187
37.5048,127.116,125
13.5475,100.2736,131
51.5828,-0.3448,183
-3.7227,-38.5247,166
20.4164,106.1706,133
37.5478,127.0246,125
52.1982,4.4357,182
-0.6748,100.8072,132
44.6908,4.712,175
52.798,66.7529,148
45.6556,8.9989,176
37.1661,-93.2458,211
13.9536,121.3161,126
51.3488,-0.0321,183
45.6187,-73.7867,210
52.2138,24.3564,198
19.0,-70.6667,215
15.1462,121.0447,126
20.2724,85.8338,128
21.7629,72.1533,128
49.035,-122.8269,210
55.6059,13.0007,187
5.4799,7.0271,231
64.4777,40.4998,185
-0.031,109.3257,132
53.5222,-113.4551,210
9.8665,106.3563,133
25.7901,-100.4176,214
14.1833,100.2833,131
35.3274,25.1281,207
9.4333,99.9667,131
13.9332,100.7502,131
46.9659,31.9974,179
23.7552,90.3731,141
33.824,-6.0663,227
48.9496,2.5684,175
-24.1191,-52.3919,166
30.7866,31.0004,224
48.0,68.0,148
53.0,28.0,198
30.7324,76.795,128
2.2071,102.2512,136
40.2056,-8.4196,180
2.0442,45.3358,246
26.6617,119.5228,124
15.0,30.0,247
46.2342,6.0802,188
42.4609,-71.0074,211
-9.8143,-35.964,166
22.0,98.0,160
57.1522,65.5272,185
12.9172,74.85600000000001,128
-33.2,-70.6833,168
25.0,17.0,248
52.2772,7.432,177
23.7908,90.4109,141
11.5583,104.9121,154
-37.8104,144.9544,250
-7.7049,110.6019,132
37.3825,-79.2181,211
43.3433,17.8081,209
6.5127,14.3009,241
25.0,45.0,146
-20.0006,57.6449,234
41.0278,28.9392,149
37.3028,-121.9982,211
39.5039,20.2656,207
35.7051,139.5725,129
57.1,65.76,185
20.6783,-101.3896,214
50.9844,17.0383,178
3.139,101.72,136
33.2058,113.0457,124
22.0559,72.801,128
1.2136,-77.2811,167
-25.3013,-49.1696,166
46.1357,-1.1145,175
-23.0,-58.0,174
-6.5945,106.789,132
15.369000000000002,100.0476,131
-6.3433,106.4989,132
34.353,108.1434,124
31.1959,121.4471,124
-31.0333,-64.4833,169
41.1826,-8.5581,180
50.4267,80.2667,148
14.6359,104.3635,131
59.2005,9.6034,200
32.7818,44.2882,162
18.5271,98.9415,131
10.3792,123.6419,126
18.9721,72.8246,128
21.05,105.8833,133
10.9658,106.6488,133
16.0,8.0,249
52.354,4.7603,182
34.111,-84.3025,211
-23.5401,-47.1128,166
37.986999999999995,-1.13,184
34.3115,-89.9443,211
36.8,5.7667,226
10.9872,106.65799999999999,133
43.7793,11.2463,176
60.6036,15.626,187
60.1717,24.9349,204
-21.1393,-44.2652,166
30.5478,-96.2715,211
18.8299,-99.0557,214
44.6478,10.9254,176
9.4781,106.1,133
57.7708,40.9344,185
40.8983,39.7965,149
-9.5713,-35.6899,166
48.9335,2.3661,175
43.7489,-79.4422,210
0.05,-78.1333,165
43.8508,126.5603,124
1.3681,103.8832,130
53.3472,-6.2439,193
48.1676,8.6298,177
26.241,50.5779,163
-21.7951,-48.8384,166
52.4674,13.3482,177
59.7304,10.2466,200
52.7833,-1.6667,183
34.0511,-118.3324,211
39.5833,-0.5433,184
-20.0689,-44.5883,166
39.7949,-79.8058,211
-41.2866,174.7756,251
-22.369,-46.9482,166
36.0048,-86.7886,211
36.8215,127.6569,125
40.6421,-79.7273,211
50.5593,19.5823,178
37.2389,114.6967,124
-34.9014,-54.9516,170
10.1617,105.8258,133
36.8381,-2.4597,184
42.9,-78.9435,210
46.3949,18.9631,199
29.3375,47.6581,164
52.1922,20.8846,178
25.7259,-80.4036,211
-25.5283,-49.2161,166
52.5155,13.4062,177
36.6255,101.7574,124
30.4908,-84.3158,211
51.1325,0.2633,183
42.869,74.5939,143
-17.7313,-48.6548,166
51.2817,37.5458,185
52.3204,21.0692,178
39.9038,-104.9419,211
54.6816,25.3225,181
24.9139,118.5858,124
-27.0333,-54.65,169
43.3789,-2.9831,184
53.6884,23.8258,198
34.7725,113.7266,124